"id","name","birthday","email"
1,"Salim Trevena","1924-12-03","strevena0@wix.com"
2,"Laird Mc Gaughey",NULL,"lmc1@vistaprint.com"
3,"Marcie Saiens","1981-06-22","msaiens2@geocities.com"
4,"Elvira Avis","1902-08-29",NULL
5,"Avram Pavlovsky","1956-09-22","apavlovsky4@tuttocitta.it"
6,"Johna Janc","1932-01-27","jjanc5@blogspot.com"
7,"Sonia Sockell",NULL,"ssockell6@youtu.be"
8,"Berkie Clue","1944-03-05","bclue7@shutterfly.com"
9,"Bat Pudney","1928-12-31","bpudney8@tumblr.com"
10,"Timofei Rothman","1921-10-18","trothman9@utexas.edu"
11,"Thorny Chapelhow","1921-12-20","tchapelhowa@comcast.net"
12,"Keely Ledgerton","1961-09-09","kledgertonb@blogspot.com"
13,"Sabine Trewett","1907-12-22","strewettc@1und1.de"
14,"Cesare Syms","1909-06-14","csymsd@blog.com"
15,"Aurel Simenon","1934-01-18","asimenone@squidoo.com"
16,"Dukie Ciciura","1944-12-10","dciciuraf@livejournal.com"
17,"Tailor Mattiato","1978-07-14",NULL
18,"Lenee Gilbart","1935-05-04",NULL
19,"Tamiko Pollok","1972-08-20","tpolloki@bbb.org"
20,"Jaymee Hambidge","1923-02-13",NULL
21,"Gustavus Mewe","1969-04-22","gmewek@businessweek.com"
22,"Halsy Sallan","1986-12-18","hsallanl@comcast.net"
23,"Ingamar Thunnercliff","1902-04-22",NULL
24,"Suki Muckart","1972-07-26","smuckartn@a8.net"
25,"Sioux Hirthe","1937-09-02","shirtheo@tinyurl.com"
26,"Florette Lowman",NULL,NULL
27,"Xenia Geeraert","1963-09-07",NULL
28,"Van Croasdale","1983-03-04","vcroasdaler@state.tx.us"
29,"Dorry Skettles","1971-06-28","dskettless@deviantart.com"
30,"Desirae Grabeham","1905-11-19","dgrabehamt@ow.ly"
31,"Haskell Mayoh","1917-07-16","hmayohu@fc2.com"
32,"Robinson Blastock","1992-08-14","rblastockv@squarespace.com"
33,"Shirlene Claiden",NULL,"sclaidenw@elpais.com"
34,"Haley Wisdish","1907-07-09",NULL
35,"Ronnica Phinnis","1971-10-31","rphinnisy@bluehost.com"
36,"Austin Goodsir","1921-05-18","agoodsirz@cdc.gov"
37,"Clive Streets","1925-03-11","cstreets10@ucla.edu"
38,"Carroll Hanaby","1972-08-01","chanaby11@toplist.cz"
39,"Vite MacKenney","1979-05-17","vmackenney12@hc360.com"
40,"Henderson Gartin","1910-04-18","hgartin13@about.me"
41,"Alain Kestell","1970-08-14","akestell14@umn.edu"
42,"Egbert Osbidston","1945-08-13",NULL
43,"Misti Klemps","1908-07-24","mklemps16@wix.com"
44,"Thorndike Mitrikhin","1954-01-05","tmitrikhin17@sogou.com"
45,"Regina McGrath","1979-11-17","rmcgrath18@rediff.com"
46,"Raynell Fasse","1967-05-07","rfasse19@google.ru"
47,"Far Scothern","1906-08-28","fscothern1a@boston.com"
48,"Huntington Chilles","1922-08-24","hchilles1b@github.io"
49,"Gian Darque","1987-02-28","gdarque1c@tiny.cc"
50,"Davita Kayne","1909-10-13","dkayne1d@mapy.cz"
51,"Duffie Tidd","1926-07-21","dtidd1e@columbia.edu"
52,"Calhoun Stockford",NULL,"cstockford1f@simplemachines.org"
53,"Ibbie Nelane","1912-06-10","inelane1g@sitemeter.com"
54,"Mike Jaggard","1919-07-29",NULL
55,"Gus Demangeot","1991-07-27",NULL
56,"Ailene Ceaplen","1961-12-18",NULL
57,"Wendell Melross","1926-02-05","wmelross1k@walmart.com"
58,"Vanna Snailham","1903-09-12","vsnailham1l@time.com"
59,"Kassia Pellamonuten",NULL,NULL
60,"Marjorie Redhills","1929-11-26",NULL
61,"Dorotea Ridder","1940-12-13","dridder1o@nba.com"
62,"Rod Bernli","1926-12-09","rbernli1p@godaddy.com"
63,"Gage Wharrier","1965-09-04","gwharrier1q@naver.com"
64,"Irving Lye","1982-05-05","ilye1r@devhub.com"
65,"Eirena Radsdale","1943-07-31","eradsdale1s@issuu.com"
66,"Otho Trounce","1914-03-25","otrounce1t@dailymail.co.uk"
67,"Raimund Lagen","1956-05-04","rlagen1u@hud.gov"
68,"Kasey McGuigan","1978-02-17","kmcguigan1v@bloglines.com"
69,"Axel Ingerman","1915-12-07",NULL
70,"Patrick Tuckwell",NULL,NULL
71,"Cassandre Mc Comb","1946-05-17","cmc1y@sbwire.com"
72,"Zacharia Bittleson","1969-12-22","zbittleson1z@youku.com"
73,"Will Arnald",NULL,"warnald20@sciencedirect.com"
74,"Billye Klaussen","1932-08-08","bklaussen21@reddit.com"
75,"Buddie Buesden","1935-07-23","bbuesden22@nature.com"
76,"Lorelei Ebbles","1977-12-06","lebbles23@netvibes.com"
77,"Francisca Goghin","1908-04-02","fgoghin24@berkeley.edu"
78,"Kitty Maso","1919-01-06",NULL
79,"Rock Shillabear","1905-03-10",NULL
80,"Latashia Marvell","1985-05-08","lmarvell27@mayoclinic.com"
81,"Thedrick Imison","1931-12-30",NULL
82,"Kris Le Grand",NULL,"kle29@mozilla.com"
83,"Man Coggen","1922-08-06","mcoggen2a@webs.com"
84,"Burke Bordone","1983-11-18",NULL
85,"Juliet Dinnies","1979-02-26","jdinnies2c@tuttocitta.it"
86,"Alexio Goodlip","1960-03-31","agoodlip2d@unblog.fr"
87,"Gil Force","1949-06-19","gforce2e@surveymonkey.com"
88,"Penni Puttan","1956-05-28","pputtan2f@gov.uk"
89,"Hollis Rawstorne","1992-02-14","hrawstorne2g@hud.gov"
90,"Esme Gallop","1979-02-24","egallop2h@state.gov"
91,"Ellynn Dyball","1974-07-05","edyball2i@spotify.com"
92,"Lalo Goshawke","1967-06-28","lgoshawke2j@microsoft.com"
93,"Juliann Sawyer","1918-09-08","jsawyer2k@ycombinator.com"
94,"Al Askam",NULL,"aaskam2l@slate.com"
95,"Allie Crosio",NULL,"acrosio2m@sina.com.cn"
96,"Hillery Nortcliffe","1918-06-26",NULL
97,"Zachary Valsler","1985-03-17","zvalsler2o@csmonitor.com"
98,"Donetta Ovise","1908-10-10","dovise2p@creativecommons.org"
99,"Garrett Ewart","1904-11-14",NULL
100,"Edythe Durtnell","1948-09-08",NULL
